{
    "UnsendMessage":false,
    "SpamInvite":false,
    "limit": 5,
    "Contact":false,
    "GName":"G-Operation",
    "AutoRespon":false,
    "KickRespon":false,
    "KillOn":false,
    "KickOn":false,
    "Upfoto":false,
    "UpfotoBot":false,
    "UpfotoGroup":false,
    "Steal":false,
    "Invite":false,
    "Copy":false,
    "autoAdd":false,
    "PesanAdd":"Terima Kasih Sudah Add Saya",
    "ContactAdd":{},
    "autoBlock":false,
    "autoJoin":false,
    "AutojoinTicket":false,
    "AutoReject":false,
    "autoRead":false,
    "IDSticker":false,
    "Timeline":false,
    "Welcome":false,
    "BackupBot":true,
    "WcText": "Welcome My Friend",
    "Leave":false,
    "LvText": "See You My Friend",
    "Mic":false,
    "MicDel":false,
    "Adminadd":false,
    "AdminDel":false,
    "Gift":false,
    "readMember":{},
    "readPoint":{},
    "readTime":{},
    "ROM":{},
    "Blacklist":{},
    "Ban":false,
    "Unban":false,
    "Admin": {},
    "comment": "autolike by Gop"
}
