{
    "Admin": {},
    "AdminDel": false,
    "Adminadd": false,
    "AutoReject": false,
    "AutojoinTicket": false,
    "BackupBot": true,
    "Ban": false,
    "Blacklist": {},
    "Contact": false,
    "ContactAdd": {},
    "Copy": false,
    "GName": "GOP",
    "Gift": false,
    "IDSticker": false,
    "Invite": false,
    "KillOn": false,
    "Leave": false,
    "Mic": false,
    "MicDel": false,
    "PesanAdd": "Terima Kasih Sudah Add Saya",
    "ROM": {},
    "Steal": false,
    "Timeline": false,
    "Unban": false,
    "UnsendPesan": false,
    "Upfoto": false,
    "UpfotoGroup": false,
    "WcText": "Welcome My Friend",
    "Welcome": false,
    "WvText": "See You My Friend",
    "autoAdd": true,
    "autoBlock": false,
    "autoJoin": false,
    "autoRead": false,
    "detectMention": false,
    "kickMention": false,
    "readMember": {},
    "readPoint": {},
    "readTime": {}
}
